{"stats":{"minecraft:custom":{"minecraft:jump":204,"minecraft:time_since_rest":6844,"minecraft:walk_on_water_one_cm":189,"minecraft:sprint_one_cm":14222,"minecraft:play_time":6844,"minecraft:damage_taken":20,"minecraft:time_since_death":6844,"minecraft:walk_one_cm":5502,"minecraft:total_world_time":6844,"minecraft:walk_under_water_one_cm":174,"minecraft:swim_one_cm":1399,"minecraft:fall_one_cm":8783,"minecraft:fly_one_cm":45409},"minecraft:mined":{"minecraft:grass":4,"minecraft:tall_grass":1},"minecraft:picked_up":{"minecraft:wheat_seeds":1}},"DataVersion":3465}